text,label
我们聊了关于早餐 甜点 辣味的话题。,food
今天早餐 烹饪 美食的讨论很热烈。,food
我们聊了关于甜点 餐厅 辣味的话题。,food
我们聊了关于辣味 早餐 餐厅的话题。,food
我们聊了关于推理 数据 算法的话题。,tech
今天数据 推理 训练的讨论很热烈。,tech
今天比赛 球队 联赛的讨论很热烈。,sports
今天训练 芯片 模型的讨论很热烈。,tech
今天数据 代码 训练的讨论很热烈。,tech
今天芯片 算法 推理的讨论很热烈。,tech
我们聊了关于餐厅 美食 食材的话题。,food
今天训练 芯片 参数的讨论很热烈。,tech
我们聊了关于进球 冠军 运动员的话题。,sports
今天甜点 美食 口味的讨论很热烈。,food
今天参数 模型 芯片的讨论很热烈。,tech
我们聊了关于辣味 烹饪 早餐的话题。,food
我们聊了关于模型 推理 数据的话题。,tech
今天运动员 进球 球队的讨论很热烈。,sports
今天芯片 代码 数据的讨论很热烈。,tech
今天算法 推理 代码的讨论很热烈。,tech
今天冠军 进球 比赛的讨论很热烈。,sports
今天胜利 运动员 进球的讨论很热烈。,sports
今天代码 算法 模型的讨论很热烈。,tech
今天数据 参数 推理的讨论很热烈。,tech
今天冠军 联赛 进球的讨论很热烈。,sports
今天训练 推理 代码的讨论很热烈。,tech
今天推理 算法 芯片的讨论很热烈。,tech
今天比赛 联赛 进球的讨论很热烈。,sports
我们聊了关于推理 代码 数据的话题。,tech
今天进球 球队 冠军的讨论很热烈。,sports
我们聊了关于算法 推理 模型的话题。,tech
我们聊了关于冠军 运动员 胜利的话题。,sports
我们聊了关于训练 参数 芯片的话题。,tech
今天比分 冠军 胜利的讨论很热烈。,sports
今天比赛 联赛 比分的讨论很热烈。,sports
我们聊了关于参数 算法 训练的话题。,tech
今天冠军 胜利 运动员的讨论很热烈。,sports
我们聊了关于口味 烹饪 辣味的话题。,food
今天推理 代码 芯片的讨论很热烈。,tech
今天辣味 早餐 食材的讨论很热烈。,food
我们聊了关于甜点 口味 早餐的话题。,food
今天比分 联赛 运动员的讨论很热烈。,sports
我们聊了关于数据 芯片 代码的话题。,tech
今天美食 早餐 烹饪的讨论很热烈。,food
我们聊了关于比分 比赛 冠军的话题。,sports
今天代码 数据 算法的讨论很热烈。,tech
今天甜点 早餐 餐厅的讨论很热烈。,food
我们聊了关于甜点 烹饪 早餐的话题。,food
我们聊了关于冠军 胜利 进球的话题。,sports
我们聊了关于算法 代码 训练的话题。,tech
今天联赛 进球 球队的讨论很热烈。,sports
今天联赛 比分 冠军的讨论很热烈。,sports
我们聊了关于芯片 参数 算法的话题。,tech
今天参数 代码 算法的讨论很热烈。,tech
今天早餐 餐厅 美食的讨论很热烈。,food
今天模型 推理 算法的讨论很热烈。,tech
今天数据 训练 参数的讨论很热烈。,tech
我们聊了关于模型 训练 芯片的话题。,tech
我们聊了关于烹饪 甜点 口味的话题。,food
我们聊了关于球队 冠军 联赛的话题。,sports
我们聊了关于口味 烹饪 食材的话题。,food
今天冠军 球队 比分的讨论很热烈。,sports
我们聊了关于数据 算法 代码的话题。,tech
今天早餐 辣味 口味的讨论很热烈。,food
我们聊了关于数据 算法 芯片的话题。,tech
我们聊了关于运动员 胜利 联赛的话题。,sports
今天运动员 联赛 比分的讨论很热烈。,sports
我们聊了关于芯片 模型 训练的话题。,tech
今天烹饪 口味 辣味的讨论很热烈。,food
今天烹饪 食材 甜点的讨论很热烈。,food
今天烹饪 口味 美食的讨论很热烈。,food
我们聊了关于进球 运动员 球队的话题。,sports
我们聊了关于参数 算法 代码的话题。,tech
我们聊了关于甜点 美食 烹饪的话题。,food
今天比分 运动员 胜利的讨论很热烈。,sports
今天烹饪 美食 口味的讨论很热烈。,food
我们聊了关于比赛 联赛 运动员的话题。,sports
今天芯片 算法 数据的讨论很热烈。,tech
我们聊了关于代码 数据 算法的话题。,tech
今天胜利 联赛 球队的讨论很热烈。,sports
我们聊了关于推理 数据 参数的话题。,tech
我们聊了关于训练 芯片 代码的话题。,tech
我们聊了关于代码 数据 芯片的话题。,tech
我们聊了关于芯片 参数 代码的话题。,tech
我们聊了关于冠军 运动员 进球的话题。,sports
我们聊了关于早餐 烹饪 食材的话题。,food
今天参数 模型 代码的讨论很热烈。,tech
今天训练 芯片 代码的讨论很热烈。,tech
今天口味 食材 美食的讨论很热烈。,food
今天口味 烹饪 餐厅的讨论很热烈。,food
我们聊了关于推理 模型 算法的话题。,tech
今天美食 烹饪 甜点的讨论很热烈。,food
今天代码 训练 算法的讨论很热烈。,tech
今天联赛 比赛 比分的讨论很热烈。,sports
今天胜利 球队 联赛的讨论很热烈。,sports
今天模型 数据 代码的讨论很热烈。,tech
今天甜点 烹饪 口味的讨论很热烈。,food
今天进球 联赛 球队的讨论很热烈。,sports
今天辣味 烹饪 早餐的讨论很热烈。,food
我们聊了关于参数 推理 数据的话题。,tech
今天早餐 口味 食材的讨论很热烈。,food
今天推理 代码 训练的讨论很热烈。,tech
我们聊了关于代码 参数 模型的话题。,tech
我们聊了关于数据 模型 芯片的话题。,tech
我们聊了关于联赛 运动员 球队的话题。,sports
我们聊了关于球队 联赛 比赛的话题。,sports
我们聊了关于甜点 美食 食材的话题。,food
今天辣味 口味 早餐的讨论很热烈。,food
今天代码 数据 训练的讨论很热烈。,tech
今天芯片 数据 模型的讨论很热烈。,tech
我们聊了关于代码 算法 模型的话题。,tech
我们聊了关于美食 口味 餐厅的话题。,food
我们聊了关于餐厅 烹饪 辣味的话题。,food
我们聊了关于美食 烹饪 早餐的话题。,food
我们聊了关于训练 参数 模型的话题。,tech
我们聊了关于辣味 餐厅 美食的话题。,food
我们聊了关于比分 球队 进球的话题。,sports
我们聊了关于餐厅 烹饪 美食的话题。,food
我们聊了关于比赛 胜利 冠军的话题。,sports
我们聊了关于参数 数据 推理的话题。,tech
我们聊了关于算法 推理 芯片的话题。,tech
我们聊了关于早餐 甜点 美食的话题。,food
今天烹饪 美食 食材的讨论很热烈。,food
我们聊了关于运动员 进球 冠军的话题。,sports
今天口味 烹饪 餐厅的讨论很热烈。,food
我们聊了关于芯片 参数 算法的话题。,tech
今天模型 训练 代码的讨论很热烈。,tech
今天胜利 联赛 球队的讨论很热烈。,sports
我们聊了关于推理 模型 算法的话题。,tech
今天冠军 比分 联赛的讨论很热烈。,sports
我们聊了关于冠军 胜利 联赛的话题。,sports
今天冠军 比赛 运动员的讨论很热烈。,sports
今天甜点 早餐 口味的讨论很热烈。,food
今天算法 代码 参数的讨论很热烈。,tech
今天冠军 比分 进球的讨论很热烈。,sports
我们聊了关于联赛 球队 运动员的话题。,sports
今天代码 芯片 数据的讨论很热烈。,tech
我们聊了关于冠军 比分 进球的话题。,sports
我们聊了关于冠军 球队 进球的话题。,sports
今天参数 代码 芯片的讨论很热烈。,tech
我们聊了关于早餐 甜点 食材的话题。,food
我们聊了关于代码 算法 模型的话题。,tech
今天早餐 美食 餐厅的讨论很热烈。,food
今天数据 训练 推理的讨论很热烈。,tech
今天芯片 算法 推理的讨论很热烈。,tech
今天比分 运动员 胜利的讨论很热烈。,sports
今天推理 数据 算法的讨论很热烈。,tech
今天比分 比赛 运动员的讨论很热烈。,sports
我们聊了关于辣味 甜点 口味的话题。,food
我们聊了关于数据 训练 代码的话题。,tech
今天口味 烹饪 甜点的讨论很热烈。,food
今天球队 比赛 联赛的讨论很热烈。,sports
今天进球 运动员 联赛的讨论很热烈。,sports
我们聊了关于球队 进球 联赛的话题。,sports
今天联赛 胜利 球队的讨论很热烈。,sports
我们聊了关于算法 推理 模型的话题。,tech
我们聊了关于比赛 胜利 冠军的话题。,sports
我们聊了关于甜点 辣味 烹饪的话题。,food
我们聊了关于进球 联赛 冠军的话题。,sports
今天冠军 联赛 进球的讨论很热烈。,sports
今天比分 运动员 联赛的讨论很热烈。,sports
我们聊了关于训练 参数 推理的话题。,tech
今天数据 算法 参数的讨论很热烈。,tech
我们聊了关于烹饪 美食 早餐的话题。,food
今天美食 口味 餐厅的讨论很热烈。,food
今天数据 推理 算法的讨论很热烈。,tech
今天食材 口味 美食的讨论很热烈。,food
今天训练 模型 参数的讨论很热烈。,tech
我们聊了关于冠军 运动员 比分的话题。,sports
我们聊了关于模型 算法 芯片的话题。,tech
我们聊了关于胜利 进球 联赛的话题。,sports
今天比赛 进球 联赛的讨论很热烈。,sports
我们聊了关于参数 训练 数据的话题。,tech
今天胜利 进球 比赛的讨论很热烈。,sports
我们聊了关于早餐 食材 辣味的话题。,food
我们聊了关于运动员 球队 胜利的话题。,sports
我们聊了关于食材 辣味 甜点的话题。,food
今天食材 餐厅 早餐的讨论很热烈。,food
我们聊了关于甜点 食材 口味的话题。,food
我们聊了关于胜利 运动员 冠军的话题。,sports
今天推理 模型 参数的讨论很热烈。,tech
今天餐厅 口味 烹饪的讨论很热烈。,food
今天运动员 胜利 比赛的讨论很热烈。,sports
我们聊了关于辣味 烹饪 美食的话题。,food
今天冠军 球队 进球的讨论很热烈。,sports
我们聊了关于食材 口味 烹饪的话题。,food
我们聊了关于进球 冠军 运动员的话题。,sports
我们聊了关于辣味 早餐 甜点的话题。,food
我们聊了关于胜利 冠军 比赛的话题。,sports
今天模型 算法 推理的讨论很热烈。,tech
今天比分 比赛 运动员的讨论很热烈。,sports
我们聊了关于胜利 进球 球队的话题。,sports
我们聊了关于美食 早餐 食材的话题。,food
今天芯片 数据 代码的讨论很热烈。,tech
今天餐厅 辣味 早餐的讨论很热烈。,food
我们聊了关于推理 模型 参数的话题。,tech
今天参数 推理 模型的讨论很热烈。,tech
今天口味 烹饪 早餐的讨论很热烈。,food
今天比分 冠军 球队的讨论很热烈。,sports
今天推理 训练 数据的讨论很热烈。,tech
今天餐厅 甜点 早餐的讨论很热烈。,food
今天辣味 口味 餐厅的讨论很热烈。,food
今天球队 比分 冠军的讨论很热烈。,sports
今天美食 烹饪 食材的讨论很热烈。,food
我们聊了关于辣味 美食 口味的话题。,food
我们聊了关于食材 口味 餐厅的话题。,food
我们聊了关于美食 烹饪 口味的话题。,food
今天球队 进球 比分的讨论很热烈。,sports
今天联赛 冠军 运动员的讨论很热烈。,sports
今天烹饪 辣味 食材的讨论很热烈。,food
我们聊了关于运动员 球队 比赛的话题。,sports
我们聊了关于训练 芯片 数据的话题。,tech
今天芯片 模型 代码的讨论很热烈。,tech
我们聊了关于芯片 推理 训练的话题。,tech
今天参数 代码 芯片的讨论很热烈。,tech
我们聊了关于美食 餐厅 烹饪的话题。,food
我们聊了关于比分 冠军 进球的话题。,sports
我们聊了关于运动员 比赛 冠军的话题。,sports
我们聊了关于球队 比赛 联赛的话题。,sports
我们聊了关于比赛 比分 进球的话题。,sports
我们聊了关于比赛 球队 联赛的话题。,sports
今天数据 芯片 算法的讨论很热烈。,tech
我们聊了关于球队 比分 胜利的话题。,sports
今天甜点 美食 早餐的讨论很热烈。,food
今天模型 芯片 算法的讨论很热烈。,tech
今天烹饪 美食 甜点的讨论很热烈。,food
今天运动员 胜利 比赛的讨论很热烈。,sports
今天烹饪 口味 餐厅的讨论很热烈。,food
我们聊了关于联赛 比赛 进球的话题。,sports
我们聊了关于训练 芯片 数据的话题。,tech
今天比分 比赛 冠军的讨论很热烈。,sports
今天联赛 冠军 运动员的讨论很热烈。,sports
今天训练 推理 代码的讨论很热烈。,tech
我们聊了关于代码 数据 训练的话题。,tech
我们聊了关于代码 推理 芯片的话题。,tech
我们聊了关于运动员 联赛 比赛的话题。,sports
我们聊了关于胜利 比赛 球队的话题。,sports
今天参数 算法 模型的讨论很热烈。,tech
今天早餐 烹饪 口味的讨论很热烈。,food
今天餐厅 辣味 食材的讨论很热烈。,food
我们聊了关于训练 数据 算法的话题。,tech
今天比赛 球队 比分的讨论很热烈。,sports
我们聊了关于推理 参数 训练的话题。,tech
今天训练 代码 数据的讨论很热烈。,tech
我们聊了关于冠军 联赛 比分的话题。,sports
我们聊了关于训练 算法 推理的话题。,tech
今天运动员 球队 比赛的讨论很热烈。,sports
今天芯片 数据 模型的讨论很热烈。,tech
我们聊了关于联赛 比赛 胜利的话题。,sports
今天联赛 比赛 运动员的讨论很热烈。,sports
今天食材 餐厅 甜点的讨论很热烈。,food
今天算法 推理 数据的讨论很热烈。,tech
今天烹饪 早餐 餐厅的讨论很热烈。,food
我们聊了关于模型 参数 训练的话题。,tech
今天代码 训练 算法的讨论很热烈。,tech
我们聊了关于比分 运动员 胜利的话题。,sports
我们聊了关于胜利 冠军 球队的话题。,sports
今天模型 数据 算法的讨论很热烈。,tech
今天参数 模型 推理的讨论很热烈。,tech
今天联赛 球队 冠军的讨论很热烈。,sports
我们聊了关于胜利 联赛 运动员的话题。,sports
今天烹饪 甜点 餐厅的讨论很热烈。,food
今天代码 算法 参数的讨论很热烈。,tech
今天美食 早餐 辣味的讨论很热烈。,food
今天球队 比分 运动员的讨论很热烈。,sports
我们聊了关于代码 算法 模型的话题。,tech
今天球队 运动员 冠军的讨论很热烈。,sports
我们聊了关于比赛 比分 运动员的话题。,sports
我们聊了关于比赛 运动员 进球的话题。,sports
今天烹饪 辣味 甜点的讨论很热烈。,food
今天食材 甜点 辣味的讨论很热烈。,food
我们聊了关于比分 联赛 比赛的话题。,sports
今天烹饪 餐厅 口味的讨论很热烈。,food
我们聊了关于比赛 胜利 球队的话题。,sports
我们聊了关于运动员 比分 胜利的话题。,sports
今天芯片 参数 训练的讨论很热烈。,tech
我们聊了关于口味 食材 早餐的话题。,food
今天胜利 比赛 球队的讨论很热烈。,sports
我们聊了关于参数 代码 数据的话题。,tech
今天胜利 运动员 进球的讨论很热烈。,sports
今天球队 联赛 运动员的讨论很热烈。,sports
今天参数 训练 芯片的讨论很热烈。,tech
今天进球 胜利 运动员的讨论很热烈。,sports
今天代码 训练 算法的讨论很热烈。,tech
今天烹饪 口味 美食的讨论很热烈。,food
今天进球 比分 运动员的讨论很热烈。,sports
我们聊了关于比赛 比分 运动员的话题。,sports
我们聊了关于数据 代码 芯片的话题。,tech
今天美食 烹饪 口味的讨论很热烈。,food
我们聊了关于烹饪 餐厅 辣味的话题。,food
我们聊了关于辣味 早餐 食材的话题。,food
我们聊了关于口味 餐厅 烹饪的话题。,food
今天辣味 甜点 食材的讨论很热烈。,food
今天进球 运动员 比赛的讨论很热烈。,sports
我们聊了关于口味 甜点 辣味的话题。,food
我们聊了关于数据 参数 代码的话题。,tech
我们聊了关于比赛 球队 联赛的话题。,sports
我们聊了关于进球 冠军 胜利的话题。,sports
今天餐厅 口味 甜点的讨论很热烈。,food
我们聊了关于胜利 球队 比分的话题。,sports
今天冠军 运动员 比赛的讨论很热烈。,sports
今天芯片 数据 训练的讨论很热烈。,tech
今天辣味 早餐 甜点的讨论很热烈。,food
今天参数 推理 算法的讨论很热烈。,tech
今天辣味 口味 烹饪的讨论很热烈。,food
今天进球 球队 冠军的讨论很热烈。,sports
今天早餐 甜点 美食的讨论很热烈。,food
我们聊了关于餐厅 早餐 食材的话题。,food
我们聊了关于模型 数据 代码的话题。,tech
我们聊了关于口味 甜点 辣味的话题。,food
今天比分 运动员 球队的讨论很热烈。,sports
我们聊了关于食材 口味 辣味的话题。,food
我们聊了关于比分 胜利 比赛的话题。,sports
我们聊了关于口味 烹饪 辣味的话题。,food
今天餐厅 食材 美食的讨论很热烈。,food
今天美食 辣味 早餐的讨论很热烈。,food
我们聊了关于比分 球队 运动员的话题。,sports
今天代码 数据 参数的讨论很热烈。,tech
今天辣味 美食 口味的讨论很热烈。,food
我们聊了关于训练 数据 模型的话题。,tech
今天推理 训练 芯片的讨论很热烈。,tech
我们聊了关于运动员 比分 冠军的话题。,sports
我们聊了关于餐厅 甜点 烹饪的话题。,food
今天胜利 运动员 联赛的讨论很热烈。,sports
今天球队 比赛 联赛的讨论很热烈。,sports
我们聊了关于球队 比分 比赛的话题。,sports
我们聊了关于辣味 甜点 烹饪的话题。,food
今天口味 甜点 早餐的讨论很热烈。,food
我们聊了关于推理 数据 参数的话题。,tech
我们聊了关于参数 算法 数据的话题。,tech
我们聊了关于辣味 早餐 烹饪的话题。,food
我们聊了关于餐厅 早餐 烹饪的话题。,food
今天比赛 胜利 比分的讨论很热烈。,sports
今天代码 芯片 模型的讨论很热烈。,tech
今天比赛 运动员 球队的讨论很热烈。,sports
今天模型 算法 代码的讨论很热烈。,tech
我们聊了关于运动员 联赛 球队的话题。,sports
今天早餐 食材 美食的讨论很热烈。,food
我们聊了关于早餐 餐厅 甜点的话题。,food
今天推理 算法 芯片的讨论很热烈。,tech
我们聊了关于运动员 冠军 比分的话题。,sports
今天进球 胜利 比赛的讨论很热烈。,sports
我们聊了关于联赛 运动员 进球的话题。,sports
我们聊了关于联赛 比分 胜利的话题。,sports
我们聊了关于食材 辣味 口味的话题。,food
今天联赛 球队 进球的讨论很热烈。,sports
我们聊了关于模型 推理 参数的话题。,tech
今天模型 训练 参数的讨论很热烈。,tech
我们聊了关于美食 餐厅 口味的话题。,food
今天甜点 辣味 早餐的讨论很热烈。,food
今天早餐 辣味 甜点的讨论很热烈。,food
今天运动员 胜利 冠军的讨论很热烈。,sports
今天数据 代码 芯片的讨论很热烈。,tech
我们聊了关于口味 食材 餐厅的话题。,food
我们聊了关于辣味 甜点 早餐的话题。,food
今天模型 算法 数据的讨论很热烈。,tech
我们聊了关于烹饪 辣味 口味的话题。,food
我们聊了关于比赛 冠军 球队的话题。,sports
我们聊了关于烹饪 美食 食材的话题。,food
我们聊了关于食材 口味 烹饪的话题。,food
今天代码 芯片 推理的讨论很热烈。,tech
我们聊了关于甜点 食材 口味的话题。,food
今天食材 早餐 辣味的讨论很热烈。,food
今天代码 数据 训练的讨论很热烈。,tech
我们聊了关于参数 训练 数据的话题。,tech
我们聊了关于烹饪 餐厅 口味的话题。,food
我们聊了关于辣味 食材 早餐的话题。,food
今天甜点 食材 美食的讨论很热烈。,food
我们聊了关于运动员 比分 冠军的话题。,sports
今天餐厅 早餐 食材的讨论很热烈。,food
今天甜点 辣味 口味的讨论很热烈。,food
我们聊了关于芯片 算法 训练的话题。,tech
我们聊了关于食材 辣味 口味的话题。,food
今天比分 胜利 比赛的讨论很热烈。,sports
今天口味 食材 餐厅的讨论很热烈。,food
今天早餐 甜点 食材的讨论很热烈。,food
我们聊了关于胜利 球队 进球的话题。,sports
我们聊了关于胜利 进球 联赛的话题。,sports
今天进球 冠军 比分的讨论很热烈。,sports
今天胜利 运动员 球队的讨论很热烈。,sports
我们聊了关于辣味 甜点 餐厅的话题。,food
我们聊了关于算法 参数 训练的话题。,tech
今天算法 参数 推理的讨论很热烈。,tech
今天运动员 冠军 胜利的讨论很热烈。,sports
我们聊了关于辣味 餐厅 早餐的话题。,food
我们聊了关于甜点 餐厅 辣味的话题。,food
今天美食 早餐 食材的讨论很热烈。,food
今天胜利 进球 冠军的讨论很热烈。,sports
我们聊了关于代码 训练 数据的话题。,tech
今天胜利 进球 联赛的讨论很热烈。,sports
今天辣味 餐厅 甜点的讨论很热烈。,food
我们聊了关于辣味 口味 甜点的话题。,food
我们聊了关于比赛 运动员 球队的话题。,sports
今天比分 联赛 进球的讨论很热烈。,sports
我们聊了关于胜利 比赛 比分的话题。,sports
今天联赛 冠军 运动员的讨论很热烈。,sports
今天美食 餐厅 烹饪的讨论很热烈。,food
今天烹饪 辣味 早餐的讨论很热烈。,food
我们聊了关于口味 餐厅 辣味的话题。,food
我们聊了关于推理 算法 代码的话题。,tech
我们聊了关于冠军 联赛 胜利的话题。,sports
我们聊了关于推理 芯片 数据的话题。,tech
我们聊了关于比分 冠军 联赛的话题。,sports
今天美食 食材 口味的讨论很热烈。,food
我们聊了关于辣味 烹饪 餐厅的话题。,food
今天算法 模型 训练的讨论很热烈。,tech
今天美食 餐厅 甜点的讨论很热烈。,food
今天代码 推理 参数的讨论很热烈。,tech
我们聊了关于比赛 比分 胜利的话题。,sports
今天算法 模型 参数的讨论很热烈。,tech
我们聊了关于代码 算法 训练的话题。,tech
我们聊了关于联赛 比赛 冠军的话题。,sports
我们聊了关于进球 胜利 联赛的话题。,sports
今天餐厅 食材 烹饪的讨论很热烈。,food
我们聊了关于美食 辣味 口味的话题。,food
今天比分 球队 联赛的讨论很热烈。,sports
我们聊了关于联赛 比分 进球的话题。,sports
今天进球 冠军 联赛的讨论很热烈。,sports
我们聊了关于训练 代码 模型的话题。,tech
我们聊了关于参数 推理 数据的话题。,tech
我们聊了关于代码 模型 推理的话题。,tech
今天比分 球队 冠军的讨论很热烈。,sports
今天运动员 胜利 比赛的讨论很热烈。,sports
今天运动员 球队 冠军的讨论很热烈。,sports
我们聊了关于胜利 冠军 进球的话题。,sports
今天代码 算法 训练的讨论很热烈。,tech
今天训练 芯片 算法的讨论很热烈。,tech
我们聊了关于早餐 辣味 甜点的话题。,food
今天甜点 早餐 餐厅的讨论很热烈。,food
我们聊了关于运动员 比分 球队的话题。,sports
今天冠军 比分 胜利的讨论很热烈。,sports
我们聊了关于烹饪 辣味 口味的话题。,food
我们聊了关于训练 算法 模型的话题。,tech
我们聊了关于烹饪 甜点 辣味的话题。,food
我们聊了关于算法 推理 模型的话题。,tech
我们聊了关于推理 参数 芯片的话题。,tech
我们聊了关于冠军 联赛 比赛的话题。,sports
今天辣味 甜点 餐厅的讨论很热烈。,food
今天冠军 胜利 运动员的讨论很热烈。,sports
今天算法 芯片 参数的讨论很热烈。,tech
今天代码 模型 数据的讨论很热烈。,tech
我们聊了关于芯片 模型 数据的话题。,tech
我们聊了关于食材 美食 早餐的话题。,food
今天食材 甜点 早餐的讨论很热烈。,food
今天模型 参数 训练的讨论很热烈。,tech
我们聊了关于烹饪 甜点 美食的话题。,food
我们聊了关于联赛 冠军 进球的话题。,sports
今天胜利 比分 比赛的讨论很热烈。,sports
今天算法 推理 模型的讨论很热烈。,tech
今天辣味 餐厅 甜点的讨论很热烈。,food
我们聊了关于烹饪 美食 甜点的话题。,food
今天冠军 运动员 联赛的讨论很热烈。,sports
我们聊了关于代码 参数 算法的话题。,tech
今天进球 球队 比分的讨论很热烈。,sports
今天比赛 联赛 比分的讨论很热烈。,sports
我们聊了关于胜利 比分 球队的话题。,sports
我们聊了关于芯片 推理 模型的话题。,tech
今天球队 运动员 进球的讨论很热烈。,sports
今天辣味 餐厅 早餐的讨论很热烈。,food
今天代码 推理 模型的讨论很热烈。,tech
我们聊了关于芯片 推理 模型的话题。,tech
我们聊了关于冠军 胜利 比赛的话题。,sports
我们聊了关于球队 冠军 进球的话题。,sports
今天食材 美食 早餐的讨论很热烈。,food
今天比赛 球队 进球的讨论很热烈。,sports
今天数据 算法 训练的讨论很热烈。,tech
今天冠军 进球 比分的讨论很热烈。,sports
今天甜点 餐厅 口味的讨论很热烈。,food
今天算法 模型 推理的讨论很热烈。,tech
今天甜点 口味 餐厅的讨论很热烈。,food
我们聊了关于烹饪 美食 早餐的话题。,food
我们聊了关于芯片 数据 模型的话题。,tech
今天辣味 餐厅 烹饪的讨论很热烈。,food
今天参数 数据 推理的讨论很热烈。,tech
我们聊了关于甜点 早餐 辣味的话题。,food
我们聊了关于食材 早餐 烹饪的话题。,food
今天参数 芯片 训练的讨论很热烈。,tech
我们聊了关于芯片 参数 代码的话题。,tech
我们聊了关于球队 进球 冠军的话题。,sports
我们聊了关于食材 烹饪 甜点的话题。,food
我们聊了关于胜利 冠军 进球的话题。,sports
今天参数 模型 代码的讨论很热烈。,tech
今天运动员 联赛 比赛的讨论很热烈。,sports
我们聊了关于数据 训练 芯片的话题。,tech
我们聊了关于烹饪 食材 辣味的话题。,food
今天算法 模型 推理的讨论很热烈。,tech
我们聊了关于训练 推理 参数的话题。,tech
我们聊了关于训练 推理 芯片的话题。,tech
今天比赛 胜利 比分的讨论很热烈。,sports
今天甜点 餐厅 辣味的讨论很热烈。,food
我们聊了关于运动员 胜利 比赛的话题。,sports
我们聊了关于餐厅 口味 食材的话题。,food
我们聊了关于算法 代码 数据的话题。,tech
今天比分 运动员 冠军的讨论很热烈。,sports
我们聊了关于训练 参数 代码的话题。,tech
今天餐厅 食材 辣味的讨论很热烈。,food
今天运动员 胜利 比分的讨论很热烈。,sports
今天参数 芯片 模型的讨论很热烈。,tech
我们聊了关于早餐 烹饪 口味的话题。,food
我们聊了关于烹饪 辣味 口味的话题。,food
今天推理 芯片 模型的讨论很热烈。,tech
今天胜利 比分 运动员的讨论很热烈。,sports
我们聊了关于比赛 球队 比分的话题。,sports
我们聊了关于比分 运动员 球队的话题。,sports
今天参数 数据 推理的讨论很热烈。,tech
我们聊了关于训练 代码 推理的话题。,tech
我们聊了关于进球 球队 胜利的话题。,sports
我们聊了关于口味 美食 餐厅的话题。,food
今天早餐 辣味 餐厅的讨论很热烈。,food
今天甜点 美食 烹饪的讨论很热烈。,food
今天烹饪 美食 餐厅的讨论很热烈。,food
我们聊了关于早餐 食材 美食的话题。,food
今天算法 模型 芯片的讨论很热烈。,tech
今天辣味 烹饪 美食的讨论很热烈。,food
我们聊了关于口味 食材 餐厅的话题。,food
今天胜利 进球 球队的讨论很热烈。,sports
我们聊了关于辣味 甜点 餐厅的话题。,food
今天训练 模型 数据的讨论很热烈。,tech
今天参数 数据 芯片的讨论很热烈。,tech
今天代码 训练 数据的讨论很热烈。,tech
我们聊了关于球队 冠军 运动员的话题。,sports
今天烹饪 早餐 甜点的讨论很热烈。,food
今天早餐 餐厅 烹饪的讨论很热烈。,food
我们聊了关于烹饪 早餐 甜点的话题。,food
今天联赛 冠军 运动员的讨论很热烈。,sports
我们聊了关于联赛 球队 比赛的话题。,sports
我们聊了关于早餐 甜点 美食的话题。,food
今天联赛 比分 胜利的讨论很热烈。,sports
我们聊了关于比赛 胜利 联赛的话题。,sports
今天甜点 口味 美食的讨论很热烈。,food
我们聊了关于早餐 餐厅 口味的话题。,food
今天口味 辣味 烹饪的讨论很热烈。,food
我们聊了关于推理 代码 算法的话题。,tech
我们聊了关于球队 联赛 进球的话题。,sports
我们聊了关于冠军 联赛 球队的话题。,sports
今天进球 联赛 球队的讨论很热烈。,sports
我们聊了关于算法 推理 芯片的话题。,tech
今天口味 辣味 美食的讨论很热烈。,food
我们聊了关于数据 训练 模型的话题。,tech
我们聊了关于球队 胜利 比分的话题。,sports
我们聊了关于进球 联赛 比赛的话题。,sports
我们聊了关于食材 辣味 餐厅的话题。,food
今天烹饪 口味 餐厅的讨论很热烈。,food
我们聊了关于代码 参数 推理的话题。,tech
今天辣味 口味 甜点的讨论很热烈。,food
我们聊了关于比赛 球队 联赛的话题。,sports
我们聊了关于模型 数据 训练的话题。,tech
今天运动员 比分 比赛的讨论很热烈。,sports
今天算法 推理 训练的讨论很热烈。,tech
我们聊了关于数据 代码 模型的话题。,tech
今天甜点 早餐 餐厅的讨论很热烈。,food
我们聊了关于食材 烹饪 早餐的话题。,food
今天早餐 甜点 餐厅的讨论很热烈。,food
我们聊了关于冠军 比分 比赛的话题。,sports
今天运动员 冠军 比赛的讨论很热烈。,sports
今天芯片 代码 模型的讨论很热烈。,tech
我们聊了关于训练 代码 芯片的话题。,tech
我们聊了关于早餐 辣味 美食的话题。,food
我们聊了关于冠军 胜利 进球的话题。,sports
今天训练 数据 芯片的讨论很热烈。,tech
今天餐厅 口味 甜点的讨论很热烈。,food
今天进球 冠军 联赛的讨论很热烈。,sports
今天训练 芯片 算法的讨论很热烈。,tech
我们聊了关于代码 芯片 算法的话题。,tech
我们聊了关于运动员 冠军 比赛的话题。,sports
我们聊了关于食材 烹饪 甜点的话题。,food
今天进球 冠军 联赛的讨论很热烈。,sports
我们聊了关于球队 运动员 联赛的话题。,sports
我们聊了关于辣味 食材 口味的话题。,food
我们聊了关于冠军 运动员 比分的话题。,sports
我们聊了关于数据 训练 算法的话题。,tech
我们聊了关于数据 训练 推理的话题。,tech
我们聊了关于比赛 进球 比分的话题。,sports
我们聊了关于推理 数据 芯片的话题。,tech
我们聊了关于比分 比赛 运动员的话题。,sports
今天烹饪 美食 口味的讨论很热烈。,food
我们聊了关于模型 参数 算法的话题。,tech
我们聊了关于运动员 进球 胜利的话题。,sports
今天模型 代码 数据的讨论很热烈。,tech
今天芯片 推理 代码的讨论很热烈。,tech
我们聊了关于运动员 比分 比赛的话题。,sports
今天进球 联赛 胜利的讨论很热烈。,sports
今天口味 烹饪 美食的讨论很热烈。,food
今天进球 运动员 比分的讨论很热烈。,sports
我们聊了关于参数 推理 芯片的话题。,tech
我们聊了关于芯片 参数 模型的话题。,tech
我们聊了关于胜利 冠军 球队的话题。,sports
今天运动员 球队 进球的讨论很热烈。,sports
我们聊了关于甜点 辣味 早餐的话题。,food
我们聊了关于推理 芯片 代码的话题。,tech
今天运动员 进球 比赛的讨论很热烈。,sports
今天美食 口味 辣味的讨论很热烈。,food
我们聊了关于美食 辣味 烹饪的话题。,food
今天推理 代码 参数的讨论很热烈。,tech
我们聊了关于餐厅 口味 甜点的话题。,food
今天餐厅 早餐 辣味的讨论很热烈。,food
我们聊了关于代码 算法 模型的话题。,tech
今天联赛 比分 胜利的讨论很热烈。,sports
我们聊了关于比分 胜利 球队的话题。,sports
我们聊了关于代码 算法 推理的话题。,tech
我们聊了关于代码 推理 模型的话题。,tech
今天甜点 烹饪 餐厅的讨论很热烈。,food
今天进球 比赛 球队的讨论很热烈。,sports
我们聊了关于算法 代码 模型的话题。,tech
我们聊了关于联赛 球队 进球的话题。,sports
我们聊了关于算法 代码 参数的话题。,tech
我们聊了关于甜点 美食 餐厅的话题。,food
我们聊了关于比赛 进球 运动员的话题。,sports
我们聊了关于数据 芯片 算法的话题。,tech
我们聊了关于甜点 口味 美食的话题。,food
今天模型 算法 参数的讨论很热烈。,tech
今天联赛 比分 球队的讨论很热烈。,sports
今天代码 数据 训练的讨论很热烈。,tech
我们聊了关于辣味 烹饪 食材的话题。,food
我们聊了关于美食 烹饪 食材的话题。,food
今天餐厅 食材 美食的讨论很热烈。,food
今天胜利 运动员 比分的讨论很热烈。,sports
今天冠军 进球 球队的讨论很热烈。,sports
今天运动员 球队 进球的讨论很热烈。,sports
今天代码 推理 算法的讨论很热烈。,tech
我们聊了关于模型 代码 训练的话题。,tech
今天甜点 烹饪 美食的讨论很热烈。,food
我们聊了关于模型 代码 参数的话题。,tech
今天餐厅 早餐 美食的讨论很热烈。,food
今天进球 联赛 比分的讨论很热烈。,sports
我们聊了关于联赛 比赛 胜利的话题。,sports
我们聊了关于芯片 参数 训练的话题。,tech
今天参数 芯片 推理的讨论很热烈。,tech
我们聊了关于算法 模型 代码的话题。,tech
今天餐厅 早餐 甜点的讨论很热烈。,food
我们聊了关于算法 数据 芯片的话题。,tech
我们聊了关于训练 推理 代码的话题。,tech
我们聊了关于进球 胜利 冠军的话题。,sports
今天甜点 辣味 美食的讨论很热烈。,food
我们聊了关于冠军 进球 胜利的话题。,sports
今天餐厅 口味 美食的讨论很热烈。,food
我们聊了关于联赛 比分 运动员的话题。,sports
今天代码 数据 推理的讨论很热烈。,tech
今天参数 算法 代码的讨论很热烈。,tech
我们聊了关于食材 口味 甜点的话题。,food
我们聊了关于辣味 餐厅 烹饪的话题。,food
我们聊了关于进球 比赛 胜利的话题。,sports
今天烹饪 餐厅 美食的讨论很热烈。,food
今天训练 参数 数据的讨论很热烈。,tech
我们聊了关于比赛 球队 运动员的话题。,sports
我们聊了关于食材 口味 烹饪的话题。,food
我们聊了关于甜点 口味 烹饪的话题。,food
今天训练 推理 代码的讨论很热烈。,tech
我们聊了关于模型 芯片 代码的话题。,tech
今天联赛 球队 冠军的讨论很热烈。,sports
我们聊了关于算法 模型 数据的话题。,tech
今天辣味 美食 烹饪的讨论很热烈。,food
今天芯片 参数 模型的讨论很热烈。,tech
我们聊了关于食材 辣味 餐厅的话题。,food
今天早餐 食材 餐厅的讨论很热烈。,food
今天芯片 模型 推理的讨论很热烈。,tech
今天训练 参数 推理的讨论很热烈。,tech
今天冠军 比赛 胜利的讨论很热烈。,sports
我们聊了关于算法 芯片 参数的话题。,tech
今天甜点 餐厅 辣味的讨论很热烈。,food
我们聊了关于训练 推理 参数的话题。,tech
今天比赛 比分 联赛的讨论很热烈。,sports
我们聊了关于餐厅 食材 烹饪的话题。,food
今天训练 芯片 参数的讨论很热烈。,tech
我们聊了关于芯片 代码 数据的话题。,tech
我们聊了关于参数 芯片 训练的话题。,tech
我们聊了关于代码 数据 推理的话题。,tech
今天冠军 球队 联赛的讨论很热烈。,sports
今天口味 早餐 食材的讨论很热烈。,food
今天甜点 餐厅 美食的讨论很热烈。,food
我们聊了关于模型 推理 芯片的话题。,tech
我们聊了关于联赛 比赛 比分的话题。,sports
我们聊了关于餐厅 辣味 口味的话题。,food
今天推理 算法 模型的讨论很热烈。,tech
我们聊了关于美食 烹饪 口味的话题。,food
我们聊了关于口味 甜点 餐厅的话题。,food
我们聊了关于辣味 口味 烹饪的话题。,food
今天餐厅 辣味 早餐的讨论很热烈。,food
我们聊了关于烹饪 口味 甜点的话题。,food
我们聊了关于早餐 餐厅 辣味的话题。,food
我们聊了关于比赛 球队 冠军的话题。,sports
今天运动员 冠军 球队的讨论很热烈。,sports
我们聊了关于餐厅 食材 口味的话题。,food
我们聊了关于食材 美食 烹饪的话题。,food
今天食材 辣味 早餐的讨论很热烈。,food
我们聊了关于胜利 冠军 联赛的话题。,sports
我们聊了关于比赛 联赛 冠军的话题。,sports
我们聊了关于联赛 冠军 比赛的话题。,sports
今天芯片 代码 参数的讨论很热烈。,tech
今天数据 参数 代码的讨论很热烈。,tech
今天球队 胜利 运动员的讨论很热烈。,sports
今天辣味 美食 口味的讨论很热烈。,food
我们聊了关于辣味 餐厅 烹饪的话题。,food
今天辣味 甜点 食材的讨论很热烈。,food
今天餐厅 辣味 食材的讨论很热烈。,food
今天模型 训练 参数的讨论很热烈。,tech
今天冠军 胜利 比赛的讨论很热烈。,sports
我们聊了关于代码 算法 模型的话题。,tech
今天算法 推理 代码的讨论很热烈。,tech
今天美食 餐厅 食材的讨论很热烈。,food
我们聊了关于代码 模型 参数的话题。,tech
我们聊了关于模型 数据 芯片的话题。,tech
我们聊了关于口味 辣味 甜点的话题。,food
今天训练 数据 推理的讨论很热烈。,tech
我们聊了关于训练 参数 芯片的话题。,tech
我们聊了关于美食 辣味 餐厅的话题。,food
今天联赛 比赛 冠军的讨论很热烈。,sports
今天参数 代码 模型的讨论很热烈。,tech
我们聊了关于美食 餐厅 早餐的话题。,food
今天算法 训练 芯片的讨论很热烈。,tech
我们聊了关于食材 辣味 口味的话题。,food
我们聊了关于算法 训练 代码的话题。,tech
我们聊了关于联赛 球队 运动员的话题。,sports
我们聊了关于冠军 进球 联赛的话题。,sports
我们聊了关于食材 烹饪 甜点的话题。,food
今天代码 推理 数据的讨论很热烈。,tech
我们聊了关于口味 早餐 餐厅的话题。,food
我们聊了关于球队 联赛 进球的话题。,sports
我们聊了关于算法 推理 数据的话题。,tech
今天冠军 胜利 球队的讨论很热烈。,sports
